County,Solds,Ave List Price,Ave Sold Price,Unnamed: 4,Unnamed: 5,Unnamed: 6,Unnamed: 7,Unnamed: 8,Unnamed: 9,Unnamed: 10,Number,Unnamed: 3
Al Counties,0.0,$0,$0,,,,,,,,,
Baldwin,9.0,"$157,889","$157,000",,,,,,,,,
Banks,1.0,"$295,000","$291,000",,,,,,,,,
Barrow,17.0,"$312,081","$309,669",,,,,,,,,
Bartow,5.0,"$255,058","$248,300",,,,,,,,,
Bibb,1.0,"$139,000","$112,000",,,,,,,,,
Bryan,0.0,$0,$0,,,,,,,,,
Bulloch,2.0,"$149,600","$149,600",,,,,,,,,
Butts,0.0,$0,$0,,,,,,,,,
Camden,1.0,"$157,000","$155,890",,,,,,,,,
Carroll,2.0,"$184,500","$184,500",,,,,,,,,
Chatham,3.0,"$248,333","$238,000",,,,,,,,,
Cherokee,25.0,"$415,930","$415,358",,,,,,,,,
Clarke,2.0,"$242,500","$247,500",,,,,,,,,
Clayton,24.0,"$203,290","$200,982",,,,,,,,,
Cobb,78.0,"$349,124","$343,001",,,,,,,,,
Colquitt,0.0,$0,$0,,,,,,,,,
Columbia,0.0,$0,$0,,,,,,,,,
Coweta,6.0,"$508,967","$531,693",,,,,,,,,
Dawson,1.0,"$325,000","$300,000",,,,,,,,,
DeKalb,106.0,"$349,481","$345,202",,,,,,,,,
Douglas,5.0,"$241,520","$240,000",,,,,,,,,
Effingham,0.0,$0,$0,,,,,,,,,
Fayette,1.0,"$749,900","$746,900",,,,,,,,,
Floyd,6.0,"$309,947","$308,683",,,,,,,,,
Forsyth,14.0,"$437,614","$432,343",,,,,,,,,
Fulton,151.0,"$442,012","$439,269",,,,,,,,,
Glynn,2.0,"$206,250","$209,250",,,,,,,,,
Gordon,2.0,"$274,250","$256,200",,,,,,,,,
Greene,1.0,"$719,000","$700,000",,,,,,,,,
Gwinnett,75.0,"$355,156","$348,368",,,,,,,,,
Habersham,0.0,$0,$0,,,,,,,,,
Hall,20.0,"$330,971","$320,672",,,,,,,,,
Hart,0.0,$0,$0,,,,,,,,,
Henry,18.0,"$263,506","$263,873",,,,,,,,,
Houston,1.0,"$169,900","$169,900",,,,,,,,,
Jackson,1.0,"$389,865","$389,865",,,,,,,,,
Liberty,0.0,$0,$0,,,,,,,,,
Lumpkin,0.0,$0,$0,,,,,,,,,
Morgan,0.0,$0,$0,,,,,,,,,
NC Counties,0.0,$0,$0,,,,,,,,,
Newton,1.0,"$200,000","$200,000",,,,,,,,,
Oconee,0.0,$0,$0,,,,,,,,,
Paulding,3.0,"$278,330","$273,833",,,,,,,,,
Pickens,1.0,"$289,135","$287,635",,,,,,,,,
Putnam,2.0,"$774,000","$737,500",,,,,,,,,
Rabun,0.0,$0,$0,,,,,,,,,
Richmond,0.0,$0,$0,,,,,,,,,
Rockdale,5.0,"$253,000","$250,400",,,,,,,,,
Sc Counties,0.0,$0,$0,,,,,,,,,
Spalding,0.0,$0,$0,,,,,,,,,
Towns,1.0,"$625,000","$630,000",,,,,,,,,
Troup,0.0,$0,$0,,,,,,,,,
Walker,0.0,$0,$0,,,,,,,,,
Walton,1.0,"$249,900","$254,900",,,,,,,,,
White,0.0,$0,$0,,,,,,,,,
Al Counties,0.0,$0,$0,,,,,,,,,
Baldwin,0.0,$0,$0,,,,,,,,,
Banks,0.0,$0,$0,,,,,,,,,
Barrow,7.0,"$285,657","$282,611",,,,,,,,,
Bartow,8.0,"$242,563","$240,401",,,,,,,,,
Bibb,1.0,"$100,000","$97,250",,,,,,,,,
Bryan,1.0,"$300,000","$295,000",,,,,,,,,
Bulloch,5.0,"$116,920","$114,400",,,,,,,,,
Butts,2.0,"$238,440","$236,720",,,,,,,,,
Camden,0.0,$0,$0,,,,,,,,,
Carroll,9.0,"$219,843","$214,020",,,,,,,,,
Chatham,6.0,"$308,895","$308,980",,,,,,,,,
Cherokee,25.0,"$456,588","$455,091",,,,,,,,,
Clarke,4.0,"$240,969","$220,475",,,,,,,,,
Clayton,17.0,"$206,800","$205,246",,,,,,,,,
Cobb,91.0,"$414,337","$410,017",,,,,,,,,
Colquitt,1.0,"$171,000","$165,000",,,,,,,,,
Columbia,0.0,$0,$0,,,,,,,,,
Coweta,7.0,"$310,209","$313,372",,,,,,,,,
Dawson,1.0,"$265,000","$250,000",,,,,,,,,
DeKalb,76.0,"$377,330","$375,303",,,,,,,,,
Douglas,4.0,"$250,250","$244,521",,,,,,,,,
Effingham,0.0,$0,$0,,,,,,,,,
Fayette,4.0,"$425,994","$426,625",,,,,,,,,
Floyd,1.0,"$199,900","$185,000",,,,,,,,,
Forsyth,13.0,"$418,600","$418,500",,,,,,,,,
Fulton,122.0,"$518,119","$510,041",,,,,,,,,
Glynn,1.0,"$579,000","$579,000",,,,,,,,,
Gordon,0.0,$0,$0,,,,,,,,,
Greene,2.0,"$499,000","$490,000",,,,,,,,,
Gwinnett,62.0,"$358,434","$353,256",,,,,,,,,
Habersham,0.0,$0,$0,,,,,,,,,
Hall,15.0,"$309,965","$308,637",,,,,,,,,
Hart,0.0,$0,$0,,,,,,,,,
Henry,7.0,"$287,293","$286,450",,,,,,,,,
Houston,4.0,"$209,234","$206,734",,,,,,,,,
Jackson,6.0,"$351,612","$319,589",,,,,,,,,
Liberty,1.0,"$189,900","$192,000",,,,,,,,,
Lumpkin,0.0,$0,$0,,,,,,,,,
Morgan,0.0,$0,$0,,,,,,,,,
NC Counties,0.0,$0,$0,,,,,,,,,
Newton,6.0,"$277,199","$277,151",,,,,,,,,
Oconee,1.0,"$349,900","$360,000",,,,,,,,,
Paulding,2.0,"$275,000","$275,000",,,,,,,,,
Pickens,1.0,"$295,345","$299,930",,,,,,,,,
Putnam,2.0,"$414,500","$385,000",,,,,,,,,
Rabun,0.0,$0,$0,,,,,,,,,
Richmond,0.0,$0,$0,,,,,,,,,
Rockdale,8.0,"$271,448","$269,648",,,,,,,,,
Sc Counties,2.0,"$532,450","$515,000",,,,,,,,,
Spalding,3.0,"$215,967","$213,633",,,,,,,,,
Towns,0.0,$0,$0,,,,,,,,,
Troup,2.0,"$202,500","$202,000",,,,,,,,,
Walker,0.0,$0,$0,,,,,,,,,
Walton,5.0,"$273,298","$264,710",,,,,,,,,
White,1.0,"$520,000","$475,000",,,,,,,,,
Al Counties,0.0,$0,$0,,,,,,,,,
Appling,3.0,"$201,833","$190,000",,,,,,,,,
Bacon,0.0,$0,$0,,,,,,,,,
Baldwin,21.0,"$310,790","$299,605",,,,,,,,,
Baldwin (AL),0.0,$0,$0,,,,,,,,,
Banks,11.0,"$356,673","$350,436",,,,,,,,,
Barrow,111.0,"$381,800","$376,914",,,,,,,,,
Bartow,85.0,"$340,733","$332,085",,,,,,,,,
Ben Hill,0.0,$0,$0,,,,,,,,,
Berrien,0.0,$0,$0,,,,,,,,,
Bibb,87.0,"$218,747","$210,941",,,,,,,,,
Bleckley,3.0,"$113,000","$103,333",,,,,,,,,
Brantley,1.0,"$199,000","$205,000",,,,,,,,,
Brooks,0.0,$0,$0,,,,,,,,,
Bryan,7.0,"$363,250","$353,429",,,,,,,,,
Bulloch,39.0,"$284,387","$282,345",,,,,,,,,
Burke,2.0,"$264,450","$249,750",,,,,,,,,
Butts,28.0,"$273,385","$264,147",,,,,,,,,
Calhoun,0.0,$0,$0,,,,,,,,,
Calhoun (AL),1.0,"$69,900","$48,000",,,,,,,,,
Camden,69.0,"$320,376","$318,468",,,,,,,,,
Candler,1.0,"$350,000","$340,000",,,,,,,,,
Carroll,94.0,"$334,908","$325,785",,,,,,,,,
Catoosa,3.0,"$233,267","$234,967",,,,,,,,,
Chambers (AL),13.0,"$154,238","$150,169",,,,,,,,,
Charlton,4.0,"$304,200","$303,575",,,,,,,,,
Chatham,20.0,"$255,593","$251,603",,,,,,,,,
Chattahoochee,0.0,$0,$0,,,,,,,,,
Chattooga,5.0,"$321,920","$311,960",,,,,,,,,
Cherokee,245.0,"$475,998","$465,880",,,,,,,,,
Cherokee (AL),0.0,$0,$0,,,,,,,,,
Clarke,52.0,"$355,979","$346,997",,,,,,,,,
Clay,1.0,"$389,000","$389,000",,,,,,,,,
Clayton,181.0,"$250,734","$246,628",,,,,,,,,
Cleburne (AL),1.0,"$189,900","$178,000",,,,,,,,,
Clinch,0.0,$0,$0,,,,,,,,,
Cobb,505.0,"$487,135","$476,870",,,,,,,,,
Coffee,1.0,"$29,900","$19,000",,,,,,,,,
Colquitt,2.0,"$137,975","$123,750",,,,,,,,,
Columbia,2.0,"$204,950","$203,000",,,,,,,,,
Cook,0.0,$0,$0,,,,,,,,,
Coweta,161.0,"$440,505","$436,404",,,,,,,,,
Crawford,2.0,"$232,500","$219,000",,,,,,,,,
Crisp,4.0,"$305,500","$299,625",,,,,,,,,
Dade,0.0,$0,$0,,,,,,,,,
Dawson,27.0,"$491,769","$475,910",,,,,,,,,
Decatur,0.0,$0,$0,,,,,,,,,
DeKalb,390.0,"$470,016","$461,302",,,,,,,,,
DeKalb (AL),1.0,"$449,900","$449,000",,,,,,,,,
Dodge,3.0,"$223,333","$214,000",,,,,,,,,
Dooly,0.0,$0,$0,,,,,,,,,
Dougherty,3.0,"$102,500","$100,400",,,,,,,,,
Douglas,131.0,"$326,977","$322,402",,,,,,,,,
Early,0.0,$0,$0,,,,,,,,,
Effingham,11.0,"$395,249","$389,536",,,,,,,,,
Elbert,7.0,"$185,128","$178,857",,,,,,,,,
Emanuel,11.0,"$242,527","$232,914",,,,,,,,,
Evans,1.0,"$135,000","$95,000",,,,,,,,,
Fannin,26.0,"$702,615","$662,458",,,,,,,,,
Fayette,114.0,"$509,008","$502,293",,,,,,,,,
Fl Counties,0.0,$0,$0,,,,,,,,,
Floyd,76.0,"$245,626","$230,680",,,,,,,,,
Forsyth,147.0,"$623,479","$611,056",,,,,,,,,
Franklin,13.0,"$313,902","$303,800",,,,,,,,,
Fulton,534.0,"$594,398","$579,615",,,,,,,,,
Gilmer,37.0,"$446,066","$427,889",,,,,,,,,
Glascock,0.0,$0,$0,,,,,,,,,
Glynn,16.0,"$455,843","$443,480",,,,,,,,,
Gordon,35.0,"$298,981","$294,850",,,,,,,,,
Grady,1.0,"$135,000","$137,050",,,,,,,,,
Greene,22.0,"$958,146","$903,032",,,,,,,,,
Gwinnett,606.0,"$434,129","$425,600",,,,,,,,,
Habersham,33.0,"$335,510","$324,801",,,,,,,,,
Hall,153.0,"$459,380","$445,889",,,,,,,,,
Hancock,3.0,"$491,300","$476,633",,,,,,,,,
Haralson,27.0,"$303,450","$299,110",,,,,,,,,
Harris,13.0,"$381,261","$365,845",,,,,,,,,
Hart,22.0,"$388,259","$371,832",,,,,,,,,
Heard,4.0,"$189,725","$183,000",,,,,,,,,
Henry,323.0,"$383,063","$378,095",,,,,,,,,
Houston,153.0,"$261,614","$256,380",,,,,,,,,
Irwin,0.0,$0,$0,,,,,,,,,
Jackson,78.0,"$423,166","$413,850",,,,,,,,,
Jasper,18.0,"$294,936","$292,108",,,,,,,,,
Jeff Davis,2.0,"$194,000","$187,500",,,,,,,,,
Jefferson,1.0,"$259,900","$266,900",,,,,,,,,
Jenkins,2.0,"$108,450","$106,000",,,,,,,,,
Johnson,0.0,$0,$0,,,,,,,,,
Jones,12.0,"$253,200","$244,167",,,,,,,,,
Lamar,29.0,"$236,165","$233,241",,,,,,,,,
Lanier,0.0,$0,$0,,,,,,,,,
Laurens,19.0,"$253,666","$241,584",,,,,,,,,
Lee,0.0,$0,$0,,,,,,,,,
Lee (AL),2.0,"$305,400","$304,400",,,,,,,,,
Liberty,11.0,"$228,990","$228,508",,,,,,,,,
Lincoln,1.0,"$482,000","$455,000",,,,,,,,,
Long,3.0,"$274,967","$274,667",,,,,,,,,
Lowndes,2.0,"$406,400","$399,250",,,,,,,,,
Lumpkin,24.0,"$421,471","$416,533",,,,,,,,,
Macon,0.0,$0,$0,,,,,,,,,
Madison,13.0,"$306,000","$301,885",,,,,,,,,
Marion,0.0,$0,$0,,,,,,,,,
Mcduffie,2.0,"$182,450","$174,500",,,,,,,,,
Mcintosh,5.0,"$329,220","$308,570",,,,,,,,,
Meriwether,14.0,"$236,988","$228,474",,,,,,,,,
Mitchell,2.0,"$409,500","$372,350",,,,,,,,,
Monroe,27.0,"$331,779","$330,576",,,,,,,,,
Montgomery,1.0,"$132,000","$120,000",,,,,,,,,
Morgan,17.0,"$578,327","$565,086",,,,,,,,,
Murray,7.0,"$204,970","$195,857",,,,,,,,,
Muscogee,29.0,"$204,221","$199,428",,,,,,,,,
NC Counties,6.0,"$405,633","$383,833",,,,,,,,,
Newton,115.0,"$329,515","$323,029",,,,,,,,,
Oconee,25.0,"$573,371","$553,721",,,,,,,,,
Oglethorpe,13.0,"$276,584","$273,985",,,,,,,,,
Paulding,177.0,"$372,136","$363,837",,,,,,,,,
Peach,19.0,"$215,120","$214,288",,,,,,,,,
Pickens,40.0,"$429,235","$428,375",,,,,,,,,
Pierce,2.0,"$142,450","$129,288",,,,,,,,,
Pike,12.0,"$363,725","$356,230",,,,,,,,,
Polk,32.0,"$208,341","$204,128",,,,,,,,,
Pulaski,2.0,"$163,580","$171,830",,,,,,,,,
Putnam,20.0,"$607,345","$582,303",,,,,,,,,
Quitman,0.0,$0,$0,,,,,,,,,
Rabun,31.0,"$583,397","$556,143",,,,,,,,,
Randolph,0.0,$0,$0,,,,,,,,,
Randolph (AL),3.0,"$606,300","$566,667",,,,,,,,,
Richmond,1.0,"$320,000","$310,000",,,,,,,,,
Rockdale,88.0,"$349,514","$342,191",,,,,,,,,
Russell (AL),1.0,"$79,900","$79,900",,,,,,,,,
Sc Counties,3.0,"$509,633","$479,667",,,,,,,,,
Schley,1.0,"$285,000","$287,000",,,,,,,,,
Screven,1.0,"$99,500","$100,000",,,,,,,,,
Spalding,68.0,"$277,372","$276,650",,,,,,,,,
Stephens,23.0,"$248,700","$245,004",,,,,,,,,
Stewart,1.0,"$325,000","$318,000",,,,,,,,,
Sumter,1.0,"$150,000","$147,000",,,,,,,,,
Talbot,2.0,"$324,900","$348,650",,,,,,,,,
Taliaferro,0.0,$0,$0,,,,,,,,,
Talladega (AL),0.0,$0,$0,,,,,,,,,
Tattnall,3.0,"$254,633","$257,300",,,,,,,,,
Taylor,3.0,"$286,633","$284,633",,,,,,,,,
Telfair,2.0,"$110,425","$103,475",,,,,,,,,
Terrell,0.0,$0,$0,,,,,,,,,
Thomas,1.0,"$282,000","$265,000",,,,,,,,,
Tift,1.0,"$149,900","$151,000",,,,,,,,,
Tn Counties,0.0,$0,$0,,,,,,,,,
Toombs,2.0,"$704,500","$704,500",,,,,,,,,
Towns,9.0,"$345,144","$336,400",,,,,,,,,
Treutlen,1.0,"$39,900","$52,100",,,,,,,,,
Troup,63.0,"$251,846","$249,249",,,,,,,,,
Turner,1.0,"$130,000","$130,000",,,,,,,,,
Twiggs,1.0,"$350,000","$318,500",,,,,,,,,
Union,25.0,"$494,200","$471,174",,,,,,,,,
Upson,19.0,"$242,082","$229,774",,,,,,,,,
Walker,7.0,"$359,500","$335,248",,,,,,,,,
Walton,106.0,"$408,608","$403,402",,,,,,,,,
Ware,2.0,"$229,450","$226,200",,,,,,,,,
Warren,0.0,$0,$0,,,,,,,,,
Washington,6.0,"$182,650","$166,000",,,,,,,,,
Wayne,3.0,"$165,967","$161,667",,,,,,,,,
Wheeler,1.0,"$65,000","$65,000",,,,,,,,,
White,20.0,"$398,593","$377,386",,,,,,,,,
Whitfield,6.0,"$255,467","$242,000",,,,,,,,,
Wilcox,1.0,"$739,900","$730,000",,,,,,,,,
Wilkes,0.0,$0,$0,,,,,,,,,
Wilkinson,3.0,"$116,000","$114,333",,,,,,,,,
Worth,0.0,$0,$0,,,,,,,,,
Al Counties,2.0,"$166,000","$170,500",,,,,,,,,
Appling,5.0,"$193,380","$182,500",,,,,,,,,
Bacon,1.0,"$37,500","$30,000",,,,,,,,,
Baldwin,24.0,"$352,065","$341,204",,,,,,,,,
Baldwin (AL),0.0,$0,$0,,,,,,,,,
Banks,12.0,"$382,233","$378,980",,,,,,,,,
Barrow,72.0,"$362,275","$346,690",,,,,,,,,
Bartow,67.0,"$349,492","$346,834",,,,,,,,,
Ben Hill,1.0,"$289,900","$289,900",,,,,,,,,
Berrien,0.0,$0,$0,,,,,,,,,
Bibb,83.0,"$206,231","$201,246",,,,,,,,,
Bleckley,2.0,"$147,450","$140,000",,,,,,,,,
Brantley,3.0,"$201,667","$201,667",,,,,,,,,
Brooks,0.0,$0,$0,,,,,,,,,
Bryan,11.0,"$431,068","$410,551",,,,,,,,,
Bulloch,47.0,"$326,862","$322,777",,,,,,,,,
Burke,2.0,"$122,000","$118,000",,,,,,,,,
Butts,16.0,"$426,053","$406,778",,,,,,,,,
Calhoun,0.0,$0,$0,,,,,,,,,
Calhoun (AL),0.0,$0,$0,,,,,,,,,
Camden,48.0,"$338,716","$332,919",,,,,,,,,
Candler,3.0,"$343,267","$340,833",,,,,,,,,
Carroll,72.0,"$372,201","$364,395",,,,,,,,,
Catoosa,2.0,"$254,450","$258,250",,,,,,,,,
Chambers (AL),14.0,"$177,557","$163,679",,,,,,,,,
Charlton,3.0,"$186,600","$192,499",,,,,,,,,
Chatham,14.0,"$395,271","$383,571",,,,,,,,,
Chattahoochee,0.0,$0,$0,,,,,,,,,
Chattooga,10.0,"$167,600","$155,933",,,,,,,,,
Cherokee,206.0,"$599,793","$588,841",,,,,,,,,
Cherokee (AL),2.0,"$439,950","$433,500",,,,,,,,,
Clarke,38.0,"$462,971","$449,058",,,,,,,,,
Clay,0.0,$0,$0,,,,,,,,,
Clayton,149.0,"$258,963","$254,266",,,,,,,,,
Cleburne (AL),2.0,"$537,000","$522,000",,,,,,,,,
Clinch,0.0,$0,$0,,,,,,,,,
Cobb,351.0,"$518,087","$508,687",,,,,,,,,
Coffee,1.0,"$149,900","$146,000",,,,,,,,,
Colquitt,2.0,"$262,500","$227,500",,,,,,,,,
Columbia,3.0,"$258,267","$246,667",,,,,,,,,
Cook,0.0,$0,$0,,,,,,,,,
Coweta,147.0,"$468,589","$463,402",,,,,,,,,
Crawford,2.0,"$329,900","$327,450",,,,,,,,,
Crisp,5.0,"$265,200","$259,400",,,,,,,,,
Dade,0.0,$0,$0,,,,,,,,,
Dawson,32.0,"$591,255","$575,020",,,,,,,,,
Decatur,0.0,$0,$0,,,,,,,,,
DeKalb,365.0,"$486,619","$480,407",,,,,,,,,
DeKalb (AL),0.0,$0,$0,,,,,,,,,
Dodge,5.0,"$364,380","$352,600",,,,,,,,,
Dooly,0.0,$0,$0,,,,,,,,,
Dougherty,3.0,"$163,300","$163,000",,,,,,,,,
Douglas,110.0,"$376,912","$367,054",,,,,,,,,
Early,1.0,"$355,000","$390,000",,,,,,,,,
Effingham,17.0,"$347,729","$342,459",,,,,,,,,
Elbert,9.0,"$205,422","$202,639",,,,,,,,,
Emanuel,7.0,"$232,657","$222,486",,,,,,,,,
Evans,3.0,"$580,000","$528,333",,,,,,,,,
Fannin,40.0,"$810,221","$774,993",,,,,,,,,
Fayette,92.0,"$531,712","$519,793",,,,,,,,,
Fl Counties,0.0,$0,$0,,,,,,,,,
Floyd,64.0,"$252,121","$243,401",,,,,,,,,
Forsyth,146.0,"$680,844","$673,481",,,,,,,,,
Franklin,14.0,"$271,825","$258,492",,,,,,,,,
Fulton,428.0,"$615,336","$602,745",,,,,,,,,
Gilmer,42.0,"$532,936","$511,201",,,,,,,,,
Glascock,0.0,$0,$0,,,,,,,,,
Glynn,24.0,"$560,020","$540,223",,,,,,,,,
Gordon,41.0,"$322,455","$319,942",,,,,,,,,
Grady,2.0,"$222,000","$219,500",,,,,,,,,
Greene,24.0,"$939,685","$911,006",,,,,,,,,
Gwinnett,490.0,"$467,522","$462,114",,,,,,,,,
Habersham,34.0,"$403,297","$391,472",,,,,,,,,
Hall,117.0,"$526,318","$519,287",,,,,,,,,
Hancock,4.0,"$629,075","$613,125",,,,,,,,,
Haralson,23.0,"$319,143","$314,965",,,,,,,,,
Harris,22.0,"$429,005","$424,736",,,,,,,,,
Hart,23.0,"$438,559","$427,000",,,,,,,,,
Heard,7.0,"$367,671","$348,429",,,,,,,,,
Henry,207.0,"$400,078","$396,120",,,,,,,,,
Houston,97.0,"$286,687","$282,397",,,,,,,,,
Irwin,0.0,$0,$0,,,,,,,,,
Jackson,95.0,"$434,951","$430,862",,,,,,,,,
Jasper,19.0,"$325,642","$317,972",,,,,,,,,
Jeff Davis,2.0,"$112,000","$99,875",,,,,,,,,
Jefferson,0.0,$0,$0,,,,,,,,,
Jenkins,3.0,"$198,800","$191,333",,,,,,,,,
Johnson,5.0,"$117,780","$107,980",,,,,,,,,
Jones,6.0,"$267,717","$264,483",,,,,,,,,
Lamar,16.0,"$261,393","$250,881",,,,,,,,,
Lanier,0.0,$0,$0,,,,,,,,,
Laurens,18.0,"$216,431","$208,994",,,,,,,,,
Lee,1.0,"$219,900","$219,900",,,,,,,,,
Lee (AL),2.0,"$257,500","$208,000",,,,,,,,,
Liberty,18.0,"$270,344","$267,722",,,,,,,,,
Lincoln,1.0,"$190,000","$180,000",,,,,,,,,
Long,6.0,"$312,617","$314,950",,,,,,,,,
Lowndes,3.0,"$203,333","$203,333",,,,,,,,,
Lumpkin,26.0,"$484,181","$470,487",,,,,,,,,
Macon,0.0,$0,$0,,,,,,,,,
Madison,14.0,"$303,946","$287,493",,,,,,,,,
Marion,0.0,$0,$0,,,,,,,,,
Mcduffie,2.0,"$247,450","$243,500",,,,,,,,,
Mcintosh,6.0,"$603,403","$557,587",,,,,,,,,
Meriwether,15.0,"$287,629","$282,781",,,,,,,,,
Mitchell,0.0,$0,$0,,,,,,,,,
Monroe,20.0,"$367,574","$362,454",,,,,,,,,
Montgomery,1.0,"$279,900","$279,900",,,,,,,,,
Morgan,12.0,"$568,108","$545,333",,,,,,,,,
Murray,0.0,$0,$0,,,,,,,,,
Muscogee,29.0,"$233,298","$234,617",,,,,,,,,
NC Counties,10.0,"$471,730","$445,990",,,,,,,,,
Newton,86.0,"$352,787","$343,932",,,,,,,,,
Oconee,17.0,"$489,591","$484,724",,,,,,,,,
Oglethorpe,14.0,"$349,900","$344,214",,,,,,,,,
Paulding,136.0,"$375,319","$369,422",,,,,,,,,
Peach,13.0,"$244,392","$240,400",,,,,,,,,
Pickens,28.0,"$565,625","$523,338",,,,,,,,,
Pierce,1.0,"$169,000","$166,000",,,,,,,,,
Pike,9.0,"$455,457","$450,949",,,,,,,,,
Polk,28.0,"$231,824","$225,260",,,,,,,,,
Pulaski,0.0,$0,$0,,,,,,,,,
Putnam,14.0,"$766,424","$704,142",,,,,,,,,
Quitman,0.0,$0,$0,,,,,,,,,
Rabun,26.0,"$692,323","$646,404",,,,,,,,,
Randolph,3.0,"$371,667","$372,833",,,,,,,,,
Randolph (AL),2.0,"$167,500","$167,500",,,,,,,,,
Richmond,6.0,"$269,667","$270,917",,,,,,,,,
Rockdale,80.0,"$357,168","$350,974",,,,,,,,,
Russell (AL),1.0,"$475,000","$475,000",,,,,,,,,
Sc Counties,8.0,"$830,200","$785,413",,,,,,,,,
Schley,2.0,"$1,242,500","$1,168,500",,,,,,,,,
Screven,3.0,"$191,000","$180,667",,,,,,,,,
Spalding,64.0,"$290,689","$287,117",,,,,,,,,
Stephens,20.0,"$297,285","$292,355",,,,,,,,,
Stewart,0.0,$0,$0,,,,,,,,,
Sumter,3.0,"$60,433","$87,417",,,,,,,,,
Talbot,0.0,$0,$0,,,,,,,,,
Taliaferro,2.0,"$184,750","$161,500",,,,,,,,,
Talladega (AL),0.0,$0,$0,,,,,,,,,
Tattnall,9.0,"$316,556","$301,778",,,,,,,,,
Taylor,1.0,"$159,900","$162,400",,,,,,,,,
Telfair,4.0,"$126,750","$123,750",,,,,,,,,
Terrell,0.0,$0,$0,,,,,,,,,
Thomas,1.0,"$399,000","$408,000",,,,,,,,,
Tift,1.0,"$171,500","$175,500",,,,,,,,,
Tn Counties,0.0,$0,$0,,,,,,,,,
Toombs,5.0,"$240,560","$213,600",,,,,,,,,
Towns,8.0,"$445,825","$417,088",,,,,,,,,
Treutlen,0.0,$0,$0,,,,,,,,,
Troup,54.0,"$256,358","$255,616",,,,,,,,,
Turner,0.0,$0,$0,,,,,,,,,
Twiggs,0.0,$0,$0,,,,,,,,,
Union,17.0,"$568,594","$535,176",,,,,,,,,
Upson,16.0,"$192,691","$185,222",,,,,,,,,
Walker,10.0,"$261,410","$262,960",,,,,,,,,
Walton,88.0,"$444,156","$437,692",,,,,,,,,
Ware,5.0,"$205,160","$199,530",,,,,,,,,
Warren,0.0,$0,$0,,,,,,,,,
Washington,8.0,"$232,350","$224,362",,,,,,,,,
Wayne,6.0,"$272,133","$261,917",,,,,,,,,
Wheeler,2.0,"$88,450","$82,500",,,,,,,,,
White,23.0,"$361,083","$348,163",,,,,,,,,
Whitfield,3.0,"$170,500","$170,667",,,,,,,,,
Wilcox,0.0,$0,$0,,,,,,,,,
Wilkes,0.0,$0,$0,,,,,,,,,
Wilkinson,4.0,"$117,725","$104,725",,,,,,,,,
Worth,2.0,"$185,000","$172,500",,,,,,,,,
Al Counties,,"$382,290",,,,,,,,,15,
Appling,,"$304,118",,,,,,,,,28,
Bacon,,"$216,750",,,,,,,,,2,
Baldwin,,"$444,092",,,,,,,,,71,
Baldwin (AL),,"$550,000",,,,,,,,,1,
Banks,,"$568,479",,,,,,,,,54,
Barrow,,"$491,753",,,,,,,,,301,
Bartow,,"$491,208",,,,,,,,,262,
Ben Hill,,"$163,860",,,,,,,,,5,
Berrien,,"$60,000",,,,,,,,,1,
Bibb,,"$238,511",,,,,,,,,436,
Bleckley,,"$283,334",,,,,,,,,10,
Brantley,,"$335,414",,,,,,,,,7,
Brooks,,"$407,967",,,,,,,,,3,
Bryan,,"$867,706",,,,,,,,,36,
Bulloch,,"$415,552",,,,,,,,,119,
Burke,,"$182,113",,,,,,,,,8,
Butts,,"$433,967",,,,,,,,,85,
Calhoun,,"$250,000",,,,,,,,,1,
Calhoun (AL),,"$750,000",,,,,,,,,1,
Camden,,"$424,964",,,,,,,,,241,
Candler,,"$560,000",,,,,,,,,9,
Carroll,,"$440,521",,,,,,,,,298,
Catoosa,,"$387,006",,,,,,,,,16,
Chambers (AL),,"$240,971",,,,,,,,,43,
Charlton,,"$293,476",,,,,,,,,17,
Chatham,,"$540,196",,,,,,,,,77,
Chattahoochee,,"$478,193",,,,,,,,,6,
Chattooga,,"$391,908",,,,,,,,,39,
Cherokee,,"$704,140",,,,,,,,,571,
Cherokee (AL),,"$579,111",,,,,,,,,9,
Clarke,,"$529,119",,,,,,,,,165,
Clay,,"$436,000",,,,,,,,,4,
Clayton,,"$302,999",,,,,,,,,573,
Cleburne (AL),,"$327,300",,,,,,,,,15,
Clinch,,"$249,900",,,,,,,,,2,
Cobb,,"$631,722",,,,,,,,,903,
Coffee,,"$249,550",,,,,,,,,7,
Colquitt,,"$413,078",,,,,,,,,18,
Columbia,,"$348,325",,,,,,,,,24,
Cook,,"$267,760",,,,,,,,,5,
Coweta,,"$542,074",,,,,,,,,476,
Crawford,,"$379,200",,,,,,,,,6,
Crisp,,"$338,835",,,,,,,,,17,
Dade,,"$1,055,425",,,,,,,,,2,
Dawson,,"$801,864",,,,,,,,,102,
Decatur,,"$54,900",,,,,,,,,1,
DeKalb,,"$532,587",,,,,,,,,"1,246",
DeKalb (AL),,"$299,000",,,,,,,,,1,
Dodge,,"$204,712",,,,,,,,,26,
Dooly,,"$173,614",,,,,,,,,21,
Dougherty,,"$180,159",,,,,,,,,42,
Douglas,,"$455,562",,,,,,,,,422,
Early,,"$604,633",,,,,,,,,3,
Effingham,,"$607,327",,,,,,,,,45,
Elbert,,"$301,983",,,,,,,,,23,
Emanuel,,"$210,576",,,,,,,,,21,
Evans,,"$355,444",,,,,,,,,9,
Fannin,,"$1,018,131",,,,,,,,,308,
Fayette,,"$738,851",,,,,,,,,289,
Fl Counties,,"$570,000",,,,,,,,,2,
Floyd,,"$349,668",,,,,,,,,214,
Forsyth,,"$831,576",,,,,,,,,385,
Franklin,,"$367,307",,,,,,,,,79,
Fulton,,"$913,876",,,,,,,,,"2,094",
Gilmer,,"$603,758",,,,,,,,,221,
Glascock,,"$599,000",,,,,,,,,1,
Glynn,,"$793,245",,,,,,,,,104,
Gordon,,"$418,013",,,,,,,,,89,
Grady,,"$307,950",,,,,,,,,4,
Greene,,"$1,311,904",,,,,,,,,127,
Gwinnett,,"$620,893",,,,,,,,,"1,340",
Habersham,,"$612,057",,,,,,,,,116,
Hall,,"$721,086",,,,,,,,,479,
Hancock,,"$425,757",,,,,,,,,21,
Haralson,,"$387,963",,,,,,,,,89,
Harris,,"$548,699",,,,,,,,,46,
Hart,,"$457,605",,,,,,,,,103,
Heard,,"$516,295",,,,,,,,,19,
Henry,,"$441,705",,,,,,,,,856,
Houston,,"$318,810",,,,,,,,,352,
Irwin,,"$299,900",,,,,,,,,1,
Jackson,,"$524,649",,,,,,,,,374,
Jasper,,"$475,344",,,,,,,,,110,
Jeff Davis,,"$250,228",,,,,,,,,17,
Jefferson,,"$234,300",,,,,,,,,11,
Jenkins,,"$254,369",,,,,,,,,13,
Johnson,,"$194,673",,,,,,,,,11,
Jones,,"$301,050",,,,,,,,,45,
Lamar,,"$380,045",,,,,,,,,50,
Lanier,,$0,,,,,,,,,0,
Laurens,,"$284,643",,,,,,,,,67,
Lee,,"$742,000",,,,,,,,,2,
Lee (AL),,"$387,450",,,,,,,,,2,
Liberty,,"$312,769",,,,,,,,,45,
Lincoln,,"$497,475",,,,,,,,,4,
Long,,"$384,497",,,,,,,,,32,
Lowndes,,"$465,226",,,,,,,,,12,
Lumpkin,,"$821,559",,,,,,,,,71,
Macon,,"$288,627",,,,,,,,,11,
Madison,,"$433,373",,,,,,,,,45,
Marion,,"$226,164",,,,,,,,,7,
Mcduffie,,"$287,460",,,,,,,,,10,
Mcintosh,,"$526,918",,,,,,,,,41,
Meriwether,,"$360,691",,,,,,,,,61,
Mitchell,,"$423,183",,,,,,,,,3,
Monroe,,"$612,885",,,,,,,,,69,
Montgomery,,"$405,614",,,,,,,,,7,
Morgan,,"$772,327",,,,,,,,,52,
Murray,,"$838,544",,,,,,,,,16,
Muscogee,,"$277,401",,,,,,,,,102,
NC Counties,,"$775,229",,,,,,,,,48,
Newton,,"$409,102",,,,,,,,,335,
Oconee,,"$702,354",,,,,,,,,92,
Oglethorpe,,"$513,735",,,,,,,,,20,
Paulding,,"$439,483",,,,,,,,,603,
Peach,,"$358,312",,,,,,,,,43,
Pickens,,"$564,294",,,,,,,,,118,
Pierce,,"$280,953",,,,,,,,,9,
Pike,,"$613,771",,,,,,,,,67,
Polk,,"$350,099",,,,,,,,,91,
Pulaski,,"$247,668",,,,,,,,,13,
Putnam,,"$832,114",,,,,,,,,128,
Quitman,,"$2,039,000",,,,,,,,,2,
Rabun,,"$734,330",,,,,,,,,125,
Randolph,,"$350,975",,,,,,,,,4,
Randolph (AL),,"$582,507",,,,,,,,,15,
Richmond,,"$190,250",,,,,,,,,28,
Rockdale,,"$443,769",,,,,,,,,277,
Russell (AL),,"$284,800",,,,,,,,,3,
Sc Counties,,"$826,733",,,,,,,,,25,
Schley,,"$324,450",,,,,,,,,2,
Screven,,"$302,414",,,,,,,,,14,
Spalding,,"$353,412",,,,,,,,,257,
Stephens,,"$378,505",,,,,,,,,75,
Stewart,,"$482,434",,,,,,,,,2,
Sumter,,"$314,181",,,,,,,,,13,
Talbot,,"$329,113",,,,,,,,,8,
Taliaferro,,"$269,000",,,,,,,,,3,
Talladega (AL),,"$297,180",,,,,,,,,5,
Tattnall,,"$407,092",,,,,,,,,13,
Taylor,,"$209,850",,,,,,,,,4,
Telfair,,"$347,171",,,,,,,,,19,
Terrell,,"$354,725",,,,,,,,,4,
Thomas,,"$188,243",,,,,,,,,7,
Tift,,"$297,774",,,,,,,,,15,
Tn Counties,,"$3,596,800",,,,,,,,,6,
Toombs,,"$447,404",,,,,,,,,23,
Towns,,"$764,568",,,,,,,,,63,
Treutlen,,"$262,780",,,,,,,,,5,
Troup,,"$345,893",,,,,,,,,174,
Turner,,"$269,000",,,,,,,,,1,
Twiggs,,"$217,025",,,,,,,,,8,
Union,,"$607,396",,,,,,,,,115,
Upson,,"$294,705",,,,,,,,,87,
Walker,,"$381,070",,,,,,,,,27,
Walton,,"$569,992",,,,,,,,,441,
Ware,,"$221,066",,,,,,,,,31,
Warren,,"$272,500",,,,,,,,,2,
Washington,,"$239,134",,,,,,,,,29,
Wayne,,"$314,875",,,,,,,,,24,
Wheeler,,"$296,893",,,,,,,,,6,
White,,"$477,276",,,,,,,,,103,
Whitfield,,"$346,331",,,,,,,,,16,
Wilcox,,"$84,900",,,,,,,,,1,
Wilkes,,"$225,386",,,,,,,,,7,
Wilkinson,,"$188,969",,,,,,,,,16,
Worth,,"$238,267",,,,,,,,,3,
Al Counties,,$0,,,,,,,,,0,
Appling,,"$154,740",,,,,,,,,5,
Bacon,,$0,,,,,,,,,0,
Baldwin,,"$332,392",,,,,,,,,13,
Baldwin (AL),,$0,,,,,,,,,0,
Banks,,"$329,367",,,,,,,,,13,
Barrow,,"$446,307",,,,,,,,,92,
Bartow,,"$357,029",,,,,,,,,89,
Ben Hill,,"$90,000",,,,,,,,,2,
Berrien,,"$149,900",,,,,,,,,1,
Bibb,,"$220,440",,,,,,,,,119,
Bleckley,,"$159,560",,,,,,,,,5,
Brantley,,"$184,983",,,,,,,,,6,
Brooks,,$0,,,,,,,,,0,
Bryan,,"$590,887",,,,,,,,,9,
Bulloch,,"$338,353",,,,,,,,,72,
Burke,,"$119,950",,,,,,,,,2,
Butts,,"$316,660",,,,,,,,,23,
Calhoun,,$0,,,,,,,,,0,
Calhoun (AL),,$0,,,,,,,,,0,
Camden,,"$365,073",,,,,,,,,103,
Candler,,"$305,380",,,,,,,,,5,
Carroll,,"$342,578",,,,,,,,,118,
Catoosa,,"$352,600",,,,,,,,,3,
Chambers (AL),,"$248,425",,,,,,,,,8,
Charlton,,"$264,000",,,,,,,,,7,
Chatham,,"$379,112",,,,,,,,,84,
Chattahoochee,,$0,,,,,,,,,0,
Chattooga,,"$266,000",,,,,,,,,10,
Cherokee,,"$586,574",,,,,,,,,235,
Cherokee (AL),,"$259,000",,,,,,,,,1,
Clarke,,"$397,335",,,,,,,,,50,
Clay,,$0,,,,,,,,,0,
Clayton,,"$297,371",,,,,,,,,198,
Cleburne (AL),,$0,,,,,,,,,0,
Clinch,,$0,,,,,,,,,0,
Cobb,,"$536,458",,,,,,,,,415,
Coffee,,$0,,,,,,,,,0,
Colquitt,,"$209,725",,,,,,,,,4,
Columbia,,"$330,950",,,,,,,,,4,
Cook,,$0,,,,,,,,,0,
Coweta,,"$499,006",,,,,,,,,167,
Crawford,,"$139,700",,,,,,,,,2,
Crisp,,"$504,814",,,,,,,,,7,
Dade,,$0,,,,,,,,,0,
Dawson,,"$522,041",,,,,,,,,38,
Decatur,,$0,,,,,,,,,0,
DeKalb,,"$509,663",,,,,,,,,430,
DeKalb (AL),,"$645,000",,,,,,,,,1,
Dodge,,"$194,500",,,,,,,,,4,
Dooly,,$0,,,,,,,,,0,
Dougherty,,"$240,975",,,,,,,,,4,
Douglas,,"$384,035",,,,,,,,,127,
Early,,$0,,,,,,,,,0,
Effingham,,"$311,275",,,,,,,,,16,
Elbert,,"$222,844",,,,,,,,,9,
Emanuel,,"$136,729",,,,,,,,,7,
Evans,,"$299,667",,,,,,,,,3,
Fannin,,"$837,895",,,,,,,,,44,
Fayette,,"$576,589",,,,,,,,,108,
Fl Counties,,$0,,,,,,,,,0,
Floyd,,"$278,817",,,,,,,,,73,
Forsyth,,"$844,180",,,,,,,,,154,
Franklin,,"$314,050",,,,,,,,,18,
Fulton,,"$653,514",,,,,,,,,688,
Gilmer,,"$549,906",,,,,,,,,37,
Glascock,,$0,,,,,,,,,0,
Glynn,,"$663,317",,,,,,,,,23,
Gordon,,"$371,116",,,,,,,,,26,
Grady,,"$109,967",,,,,,,,,3,
Greene,,"$1,008,499",,,,,,,,,26,
Gwinnett,,"$504,361",,,,,,,,,535,
Habersham,,"$350,696",,,,,,,,,50,
Hall,,"$538,839",,,,,,,,,128,
Hancock,,"$298,167",,,,,,,,,3,
Haralson,,"$259,596",,,,,,,,,23,
Harris,,"$378,829",,,,,,,,,29,
Hart,,"$359,388",,,,,,,,,26,
Heard,,"$296,663",,,,,,,,,8,
Henry,,"$423,918",,,,,,,,,257,
Houston,,"$297,172",,,,,,,,,181,
Irwin,,$0,,,,,,,,,0,
Jackson,,"$444,651",,,,,,,,,98,
Jasper,,"$333,522",,,,,,,,,28,
Jeff Davis,,"$375,000",,,,,,,,,1,
Jefferson,,"$602,333",,,,,,,,,3,
Jenkins,,"$312,500",,,,,,,,,2,
Johnson,,"$87,000",,,,,,,,,3,
Jones,,"$275,750",,,,,,,,,13,
Lamar,,"$230,109",,,,,,,,,18,
Lanier,,"$197,444",,,,,,,,,2,
Laurens,,"$273,705",,,,,,,,,19,
Lee,,$0,,,,,,,,,0,
Lee (AL),,$0,,,,,,,,,0,
Liberty,,"$266,502",,,,,,,,,17,
Lincoln,,$0,,,,,,,,,0,
Long,,"$218,800",,,,,,,,,5,
Lowndes,,"$229,283",,,,,,,,,6,
Lumpkin,,"$387,448",,,,,,,,,22,
Macon,,"$340,000",,,,,,,,,1,
Madison,,"$364,670",,,,,,,,,20,
Marion,,$0,,,,,,,,,0,
Mcduffie,,"$158,608",,,,,,,,,6,
Mcintosh,,"$283,796",,,,,,,,,5,
Meriwether,,"$274,460",,,,,,,,,30,
Mitchell,,$0,,,,,,,,,0,
Monroe,,"$431,397",,,,,,,,,24,
Montgomery,,$0,,,,,,,,,0,
Morgan,,"$607,678",,,,,,,,,12,
Murray,,"$242,475",,,,,,,,,4,
Muscogee,,"$321,278",,,,,,,,,52,
NC Counties,,"$441,071",,,,,,,,,7,
Newton,,"$346,751",,,,,,,,,105,
Oconee,,"$574,500",,,,,,,,,36,
Oglethorpe,,"$324,636",,,,,,,,,11,
Paulding,,"$388,352",,,,,,,,,205,
Peach,,"$208,069",,,,,,,,,37,
Pickens,,"$484,267",,,,,,,,,25,
Pierce,,"$499,750",,,,,,,,,2,
Pike,,"$434,377",,,,,,,,,17,
Polk,,"$223,623",,,,,,,,,35,
Pulaski,,"$249,000",,,,,,,,,1,
Putnam,,"$479,996",,,,,,,,,27,
Quitman,,"$60,900",,,,,,,,,1,
Rabun,,"$1,333,176",,,,,,,,,21,
Randolph,,"$155,000",,,,,,,,,1,
Randolph (AL),,"$230,000",,,,,,,,,1,
Richmond,,"$147,417",,,,,,,,,6,
Rockdale,,"$374,492",,,,,,,,,89,
Russell (AL),,"$182,000",,,,,,,,,1,
Sc Counties,,"$1,126,333",,,,,,,,,3,
Schley,,"$309,700",,,,,,,,,2,
Screven,,"$217,400",,,,,,,,,6,
Spalding,,"$312,993",,,,,,,,,93,
Stephens,,"$261,181",,,,,,,,,26,
Stewart,,$0,,,,,,,,,0,
Sumter,,"$60,000",,,,,,,,,2,
Talbot,,$0,,,,,,,,,0,
Taliaferro,,"$37,604",,,,,,,,,1,
Talladega (AL),,$0,,,,,,,,,0,
Tattnall,,"$248,290",,,,,,,,,10,
Taylor,,"$194,950",,,,,,,,,2,
Telfair,,"$176,500",,,,,,,,,2,
Terrell,,$0,,,,,,,,,0,
Thomas,,"$195,000",,,,,,,,,2,
Tift,,"$275,000",,,,,,,,,1,
Tn Counties,,"$584,777",,,,,,,,,1,
Toombs,,"$311,667",,,,,,,,,3,
Towns,,"$897,060",,,,,,,,,15,
Treutlen,,$0,,,,,,,,,0,
Troup,,"$289,171",,,,,,,,,64,
Turner,,$0,,,,,,,,,0,
Twiggs,,"$132,450",,,,,,,,,4,
Union,,"$561,635",,,,,,,,,23,
Upson,,"$277,280",,,,,,,,,21,
Walker,,"$420,133",,,,,,,,,6,
Walton,,"$466,630",,,,,,,,,116,
Ware,,"$190,000",,,,,,,,,1,
Warren,,$0,,,,,,,,,0,
Washington,,"$216,411",,,,,,,,,9,
Wayne,,"$264,300",,,,,,,,,9,
Wheeler,,"$182,000",,,,,,,,,2,
White,,"$519,150",,,,,,,,,32,
Whitfield,,"$258,378",,,,,,,,,9,
Wilcox,,"$200,000",,,,,,,,,1,
Wilkes,,"$84,692",,,,,,,,,3,
Wilkinson,,"$184,733",,,,,,,,,6,
Worth,,"$70,000",,,,,,,,,1,
Baldwin,1.0,"$130,000","$125,000",,,,,,,,,
Baldwin (AL),0.0,$0,$0,,,,,,,,,
Barrow,0.0,$0,$0,,,,,,,,,
Bartow,0.0,$0,$0,,,,,,,,,
Bibb,0.0,$0,$0,,,,,,,,,
Bulloch,1.0,"$99,900","$100,000",,,,,,,,,
Carroll,0.0,$0,$0,,,,,,,,,
Chatham,2.0,"$265,000","$258,750",,,,,,,,,
Cherokee,4.0,"$353,750","$346,625",,,,,,,,,
Clarke,15.0,"$257,060","$250,633",,,,,,,,,
Clayton,3.0,"$136,600","$126,333",,,,,,,,,
Cobb,46.0,"$307,599","$302,391",,,,,,,,,
Coweta,0.0,$0,$0,,,,,,,,,
DeKalb,58.0,"$235,937","$229,802",,,,,,,,,
Dougherty,1.0,"$85,000","$85,000",,,,,,,,,
Douglas,1.0,"$150,000","$145,000",,,,,,,,,
Fannin,0.0,$0,$0,,,,,,,,,
Fayette,6.0,"$279,967","$274,300",,,,,,,,,
Fl Counties,0.0,$0,$0,,,,,,,,,
Floyd,2.0,"$219,250","$211,750",,,,,,,,,
Forsyth,4.0,"$467,675","$466,506",,,,,,,,,
Fulton,166.0,"$374,260","$365,617",,,,,,,,,
Gilmer,0.0,$0,$0,,,,,,,,,
Glynn,0.0,$0,$0,,,,,,,,,
Gordon,2.0,"$174,000","$168,000",,,,,,,,,
Greene,0.0,$0,$0,,,,,,,,,
Gwinnett,10.0,"$288,879","$281,525",,,,,,,,,
Habersham,0.0,$0,$0,,,,,,,,,
Hall,1.0,"$269,000","$248,500",,,,,,,,,
Hancock,0.0,$0,$0,,,,,,,,,
Harris,0.0,$0,$0,,,,,,,,,
Hart,0.0,$0,$0,,,,,,,,,
Houston,1.0,"$71,000","$65,000",,,,,,,,,
Jones,0.0,$0,$0,,,,,,,,,
Mcintosh,0.0,$0,$0,,,,,,,,,
Monroe,0.0,$0,$0,,,,,,,,,
Morgan,0.0,$0,$0,,,,,,,,,
Murray,1.0,"$195,000","$201,000",,,,,,,,,
Muscogee,0.0,$0,$0,,,,,,,,,
Newton,0.0,$0,$0,,,,,,,,,
Oconee,0.0,$0,$0,,,,,,,,,
Paulding,0.0,$0,$0,,,,,,,,,
Pickens,0.0,$0,$0,,,,,,,,,
Putnam,2.0,"$135,000","$123,750",,,,,,,,,
Rabun,0.0,$0,$0,,,,,,,,,
Richmond,0.0,$0,$0,,,,,,,,,
Rockdale,2.0,"$230,000","$225,000",,,,,,,,,
Sc Counties,0.0,$0,$0,,,,,,,,,
Spalding,0.0,$0,$0,,,,,,,,,
Stephens,0.0,$0,$0,,,,,,,,,
Towns,0.0,$0,$0,,,,,,,,,
Walton,0.0,$0,$0,,,,,,,,,
White,0.0,$0,$0,,,,,,,,,
Whitfield,0.0,$0,$0,,,,,,,,,
Baldwin,0.0,$0,$0,,,,,,,,,
Baldwin (AL),0.0,$0,$0,,,,,,,,,
Barrow,0.0,$0,$0,,,,,,,,,
Bartow,1.0,"$231,000","$225,000",,,,,,,,,
Bibb,2.0,"$329,000","$334,000",,,,,,,,,
Bulloch,0.0,$0,$0,,,,,,,,,
Carroll,0.0,$0,$0,,,,,,,,,
Chatham,1.0,"$197,500","$200,000",,,,,,,,,
Cherokee,2.0,"$417,500","$417,500",,,,,,,,,
Clarke,14.0,"$364,307","$349,111",,,,,,,,,
Clayton,1.0,"$165,000","$162,000",,,,,,,,,
Cobb,44.0,"$308,672","$301,794",,,,,,,,,
Coweta,1.0,"$300,000","$290,000",,,,,,,,,
DeKalb,41.0,"$260,524","$253,149",,,,,,,,,
Dougherty,0.0,$0,$0,,,,,,,,,
Douglas,2.0,"$159,750","$159,095",,,,,,,,,
Fannin,0.0,$0,$0,,,,,,,,,
Fayette,1.0,"$249,900","$235,000",,,,,,,,,
Fl Counties,0.0,$0,$0,,,,,,,,,
Floyd,2.0,"$326,450","$320,077",,,,,,,,,
Forsyth,8.0,"$446,038","$444,663",,,,,,,,,
Fulton,160.0,"$476,117","$475,215",,,,,,,,,
Gilmer,0.0,$0,$0,,,,,,,,,
Glynn,2.0,"$339,950","$329,950",,,,,,,,,
Gordon,2.0,"$189,900","$188,000",,,,,,,,,
Greene,0.0,$0,$0,,,,,,,,,
Gwinnett,17.0,"$303,455","$299,135",,,,,,,,,
Habersham,0.0,$0,$0,,,,,,,,,
Hall,5.0,"$297,880","$285,900",,,,,,,,,
Hancock,0.0,$0,$0,,,,,,,,,
Harris,0.0,$0,$0,,,,,,,,,
Hart,0.0,$0,$0,,,,,,,,,
Houston,3.0,"$133,300","$126,167",,,,,,,,,
Jones,0.0,$0,$0,,,,,,,,,
Mcintosh,1.0,"$242,000","$230,000",,,,,,,,,
Monroe,1.0,"$310,000","$290,000",,,,,,,,,
Morgan,0.0,$0,$0,,,,,,,,,
Murray,0.0,$0,$0,,,,,,,,,
Muscogee,0.0,$0,$0,,,,,,,,,
Newton,0.0,$0,$0,,,,,,,,,
Oconee,0.0,$0,$0,,,,,,,,,
Paulding,0.0,$0,$0,,,,,,,,,
Pickens,1.0,"$359,000","$340,000",,,,,,,,,
Putnam,0.0,$0,$0,,,,,,,,,
Rabun,1.0,"$1,850,000","$1,840,000",,,,,,,,,
Richmond,0.0,$0,$0,,,,,,,,,
Rockdale,1.0,"$325,000","$305,000",,,,,,,,,
Sc Counties,0.0,$0,$0,,,,,,,,,
Spalding,1.0,"$186,000","$186,000",,,,,,,,,
Stephens,0.0,$0,$0,,,,,,,,,
Towns,0.0,$0,$0,,,,,,,,,
Walton,0.0,$0,$0,,,,,,,,,
White,1.0,"$399,000","$411,500",,,,,,,,,
Whitfield,0.0,$0,$0,,,,,,,,,
Baldwin,,"$199,999",,,,,,,,,1,
Baldwin (AL),,"$859,900",,,,,,,,,1,
Barrow,,"$655,000",,,,,,,,,6,
Bartow,,$0,,,,,,,,,0,
Bibb,,"$483,800",,,,,,,,,5,
Bulloch,,"$106,750",,,,,,,,,2,
Carroll,,"$225,000",,,,,,,,,1,
Chatham,,"$668,333",,,,,,,,,6,
Cherokee,,"$534,518",,,,,,,,,11,
Clarke,,"$263,600",,,,,,,,,20,
Clayton,,"$146,566",,,,,,,,,6,
Cobb,,"$350,121",,,,,,,,,125,
Coweta,,"$278,850",,,,,,,,,2,
DeKalb,,"$260,766",,,,,,,,,207,
Dougherty,,$0,,,,,,,,,0,
Douglas,,"$322,975",,,,,,,,,4,
Fannin,,"$185,000",,,,,,,,,1,
Fayette,,"$348,180",,,,,,,,,5,
Fl Counties,,"$347,500",,,,,,,,,1,
Floyd,,"$553,333",,,,,,,,,3,
Forsyth,,"$492,114",,,,,,,,,14,
Fulton,,"$529,043",,,,,,,,,746,
Gilmer,,"$279,450",,,,,,,,,2,
Glynn,,"$643,919",,,,,,,,,16,
Gordon,,"$258,267",,,,,,,,,3,
Greene,,$0,,,,,,,,,0,
Gwinnett,,"$347,418",,,,,,,,,38,
Habersham,,"$224,000",,,,,,,,,1,
Hall,,"$311,967",,,,,,,,,6,
Hancock,,"$314,450",,,,,,,,,2,
Harris,,$0,,,,,,,,,0,
Hart,,"$359,000",,,,,,,,,1,
Houston,,"$127,250",,,,,,,,,2,
Jones,,"$99,500",,,,,,,,,1,
Mcintosh,,$0,,,,,,,,,0,
Monroe,,"$350,000",,,,,,,,,3,
Morgan,,"$509,900",,,,,,,,,2,
Murray,,$0,,,,,,,,,0,
Muscogee,,$0,,,,,,,,,0,
Newton,,"$428,333",,,,,,,,,3,
Oconee,,"$450,000",,,,,,,,,1,
Paulding,,"$325,000",,,,,,,,,1,
Pickens,,$0,,,,,,,,,0,
Putnam,,"$525,225",,,,,,,,,4,
Rabun,,"$287,745",,,,,,,,,11,
Richmond,,$0,,,,,,,,,0,
Rockdale,,"$196,300",,,,,,,,,3,
Sc Counties,,"$360,000",,,,,,,,,1,
Spalding,,"$274,900",,,,,,,,,1,
Stephens,,$0,,,,,,,,,0,
Towns,,"$560,583",,,,,,,,,6,
Walton,,"$289,900",,,,,,,,,1,
White,,$0,,,,,,,,,0,
Whitfield,,"$227,450",,,,,,,,,2,
Baldwin,,$0,,,,,,,,,0,
Baldwin (AL),,$0,,,,,,,,,0,
Barrow,,$0,,,,,,,,,0,
Bartow,,"$239,000",,,,,,,,,1,
Bibb,,"$565,000",,,,,,,,,1,
Bulloch,,"$137,700",,,,,,,,,1,
Carroll,,"$310,000",,,,,,,,,1,
Chatham,,"$439,900",,,,,,,,,1,
Cherokee,,"$430,000",,,,,,,,,1,
Clarke,,"$210,617",,,,,,,,,6,
Clayton,,"$174,950",,,,,,,,,2,
Cobb,,"$305,153",,,,,,,,,30,
Coweta,,$0,,,,,,,,,0,
DeKalb,,"$356,458",,,,,,,,,41,
Dougherty,,$0,,,,,,,,,0,
Douglas,,$0,,,,,,,,,0,
Fannin,,$0,,,,,,,,,0,
Fayette,,"$265,000",,,,,,,,,2,
Fl Counties,,$0,,,,,,,,,0,
Floyd,,$0,,,,,,,,,0,
Forsyth,,"$477,127",,,,,,,,,9,
Fulton,,"$526,682",,,,,,,,,165,
Gilmer,,$0,,,,,,,,,0,
Glynn,,"$382,967",,,,,,,,,3,
Gordon,,"$199,900",,,,,,,,,1,
Greene,,"$168,000",,,,,,,,,1,
Gwinnett,,"$284,471",,,,,,,,,14,
Habersham,,$0,,,,,,,,,0,
Hall,,"$308,750",,,,,,,,,6,
Hancock,,$0,,,,,,,,,0,
Harris,,"$72,500",,,,,,,,,1,
Hart,,$0,,,,,,,,,0,
Houston,,$0,,,,,,,,,0,
Jones,,$0,,,,,,,,,0,
Mcintosh,,$0,,,,,,,,,0,
Monroe,,$0,,,,,,,,,0,
Morgan,,$0,,,,,,,,,0,
Murray,,$0,,,,,,,,,0,
Muscogee,,"$329,900",,,,,,,,,1,
Newton,,$0,,,,,,,,,0,
Oconee,,$0,,,,,,,,,0,
Paulding,,$0,,,,,,,,,0,
Pickens,,$0,,,,,,,,,0,
Putnam,,"$765,000",,,,,,,,,1,
Rabun,,"$320,000",,,,,,,,,1,
Richmond,,"$190,000",,,,,,,,,1,
Rockdale,,"$149,000",,,,,,,,,1,
Sc Counties,,$0,,,,,,,,,0,
Spalding,,$0,,,,,,,,,0,
Stephens,,"$399,000",,,,,,,,,1,
Towns,,$0,,,,,,,,,0,
Walton,,$0,,,,,,,,,0,
White,,$0,,,,,,,,,0,
Whitfield,,"$149,900",,,,,,,,,1,
Al Counties,,"$379,900",,,,,,,,,1,
Baldwin,,"$229,900",,,,,,,,,7,
Banks,,"$302,058",,,,,,,,,5,
Barrow,,"$380,513",,,,,,,,,16,
Bartow,,"$252,333",,,,,,,,,15,
Bibb,,"$87,633",,,,,,,,,3,
Bryan,,$0,,,,,,,,,0,
Bulloch,,"$96,429",,,,,,,,,7,
Butts,,"$250,823",,,,,,,,,6,
Camden,,"$247,450",,,,,,,,,2,
Carroll,,"$278,357",,,,,,,,,13,
Chatham,,"$491,084",,,,,,,,,10,
Cherokee,,"$520,167",,,,,,,,,43,
Clarke,,"$280,100",,,,,,,,,8,
Clayton,,"$242,802",,,,,,,,,61,
Cobb,,"$426,078",,,,,,,,,213,
Colquitt,,$0,,,,,,,,,0,
Columbia,,"$259,999",,,,,,,,,1,
Coweta,,"$359,068",,,,,,,,,25,
Dawson,,"$325,000",,,,,,,,,4,
DeKalb,,"$404,580",,,,,,,,,241,
Douglas,,"$337,912",,,,,,,,,20,
Effingham,,"$237,450",,,,,,,,,2,
Fayette,,"$593,131",,,,,,,,,11,
Floyd,,"$312,356",,,,,,,,,9,
Forsyth,,"$530,303",,,,,,,,,18,
Fulton,,"$565,705",,,,,,,,,465,
Glynn,,"$2,600,000",,,,,,,,,1,
Gordon,,"$250,933",,,,,,,,,3,
Greene,,"$345,000",,,,,,,,,1,
Gwinnett,,"$391,755",,,,,,,,,218,
Habersham,,"$375,000",,,,,,,,,2,
Hall,,"$363,724",,,,,,,,,57,
Hart,,"$536,200",,,,,,,,,4,
Henry,,"$302,515",,,,,,,,,49,
Houston,,"$234,650",,,,,,,,,5,
Jackson,,"$346,919",,,,,,,,,16,
Liberty,,"$154,900",,,,,,,,,1,
Lumpkin,,"$475,000",,,,,,,,,1,
Morgan,,"$324,500",,,,,,,,,1,
NC Counties,,$0,,,,,,,,,0,
Newton,,"$258,416",,,,,,,,,2,
Oconee,,$0,,,,,,,,,0,
Paulding,,"$330,767",,,,,,,,,9,
Pickens,,"$399,161",,,,,,,,,7,
Putnam,,"$497,224",,,,,,,,,15,
Rabun,,"$445,500",,,,,,,,,4,
Richmond,,"$165,000",,,,,,,,,1,
Rockdale,,"$306,030",,,,,,,,,33,
Sc Counties,,$0,,,,,,,,,0,
Spalding,,"$207,240",,,,,,,,,15,
Towns,,"$899,900",,,,,,,,,1,
Troup,,"$321,373",,,,,,,,,8,
Walker,,"$139,900",,,,,,,,,1,
Walton,,"$238,299",,,,,,,,,18,
White,,"$351,975",,,,,,,,,8,
Al Counties,,$0,,,,,,,,,0,
Baldwin,,$0,,,,,,,,,0,
Banks,,$0,,,,,,,,,0,
Barrow,,"$290,610",,,,,,,,,10,
Bartow,,"$217,206",,,,,,,,,7,
Bibb,,"$142,400",,,,,,,,,2,
Bryan,,"$265,000",,,,,,,,,1,
Bulloch,,"$140,800",,,,,,,,,5,
Butts,,$0,,,,,,,,,0,
Camden,,"$255,000",,,,,,,,,1,
Carroll,,"$281,233",,,,,,,,,10,
Chatham,,"$291,694",,,,,,,,,5,
Cherokee,,"$535,429",,,,,,,,,23,
Clarke,,"$262,967",,,,,,,,,3,
Clayton,,"$245,267",,,,,,,,,24,
Cobb,,"$414,672",,,,,,,,,89,
Colquitt,,$0,,,,,,,,,0,
Columbia,,$0,,,,,,,,,0,
Coweta,,"$341,269",,,,,,,,,10,
Dawson,,"$399,985",,,,,,,,,6,
DeKalb,,"$417,217",,,,,,,,,95,
Douglas,,"$239,600",,,,,,,,,3,
Effingham,,$0,,,,,,,,,0,
Fayette,,"$343,300",,,,,,,,,3,
Floyd,,"$264,633",,,,,,,,,3,
Forsyth,,"$416,123",,,,,,,,,13,
Fulton,,"$470,382",,,,,,,,,157,
Glynn,,$0,,,,,,,,,0,
Gordon,,"$289,900",,,,,,,,,1,
Greene,,"$600,000",,,,,,,,,1,
Gwinnett,,"$373,104",,,,,,,,,112,
Habersham,,"$309,936",,,,,,,,,11,
Hall,,"$354,386",,,,,,,,,30,
Hart,,$0,,,,,,,,,0,
Henry,,"$273,343",,,,,,,,,9,
Houston,,"$208,933",,,,,,,,,8,
Jackson,,"$319,293",,,,,,,,,3,
Liberty,,$0,,,,,,,,,0,
Lumpkin,,$0,,,,,,,,,0,
Morgan,,$0,,,,,,,,,0,
NC Counties,,"$385,000",,,,,,,,,1,
Newton,,"$282,343",,,,,,,,,12,
Oconee,,"$275,000",,,,,,,,,1,
Paulding,,"$239,450",,,,,,,,,2,
Pickens,,"$288,918",,,,,,,,,14,
Putnam,,"$292,450",,,,,,,,,2,
Rabun,,$0,,,,,,,,,0,
Richmond,,$0,,,,,,,,,0,
Rockdale,,"$263,486",,,,,,,,,14,
Sc Counties,,"$429,000",,,,,,,,,1,
Spalding,,"$179,900",,,,,,,,,4,
Towns,,"$699,900",,,,,,,,,1,
Troup,,"$269,999",,,,,,,,,2,
Walker,,$0,,,,,,,,,0,
Walton,,"$230,229",,,,,,,,,17,
White,,"$510,000",,,,,,,,,1,
